patient_id,Age,Stage,PFI,CRS
EOC1005,73,IVA,65,2
EOC136,64,IVA,520,2
EOC153,78,IVA,393,2
EOC227,74,IVA,230,2
EOC3,67,IVA,14,2
EOC349,67,IVB,36,2
EOC372,68,IIIC,460,1
EOC443,54,IVA,177,3
EOC540,62,IIIC,126,2
EOC733,72,IVA,83,1
EOC87,62,IIIC,30,1