name	treatment_phase	patient_id	anatomical_location	Age	Stage	PFI	CRS
EOC372_treatment-naive	treatment-naive	EOC372	Peritoneum	68	IIIC	460	1
EOC372_post-NACT	post-NACT	EOC372	Peritoneum	68	IIIC	460	1
EOC443_post-NACT	post-NACT	EOC443	Omentum	54	IVA	177	3
EOC443_treatment-naive	treatment-naive	EOC443	Omentum	54	IVA	177	3
EOC540_treatment-naive	treatment-naive	EOC540	Omentum	62	IIIC	126	2
EOC540_post-NACT	post-NACT	EOC540	Omentum	62	IIIC	126	2
EOC3_post-NACT	post-NACT	EOC3	Omentum	67	IVA	14	2
EOC3_treatment-naive	treatment-naive	EOC3	Peritoneum	67	IVA	14	2
EOC87_post-NACT	post-NACT	EOC87	Omentum	62	IIIC	30	1
EOC87_treatment-naive	treatment-naive	EOC87	Peritoneum	62	IIIC	30	1
EOC136_post-NACT	post-NACT	EOC136	Omentum	64	IVA	520	2
EOC136_treatment-naive	treatment-naive	EOC136	Mesentery	64	IVA	520	2
EOC1005_treatment-naive	treatment-naive	EOC1005	Peritoneum	73	IVA	65	2
EOC1005_post-NACT	post-NACT	EOC1005	Tumor	73	IVA	65	2
EOC733_treatment-naive	treatment-naive	EOC733	Peritoneum	72	IVA	83	1
EOC733_post-NACT	post-NACT	EOC733	Omentum	72	IVA	83	1
EOC153_post-NACT	post-NACT	EOC153	Omentum	78	IVA	393	2
EOC153_treatment-naive	treatment-naive	EOC153	Omentum	78	IVA	393	2
EOC349_post-NACT	post-NACT	EOC349	Omentum	67	IVB	36	2
EOC349_treatment-naive	treatment-naive	EOC349	Peritoneum	67	IVB	36	2
EOC227_post-NACT	post-NACT	EOC227	Omentum	74	IVA	230	2
EOC227_treatment-naive	treatment-naive	EOC227	Omentum	74	IVA	230	2
